Order ID,Customer ID,Product Category,Product Name,Order Date,Ship Date,Sales,Quantity,Discount,Profit,Region
ORD100000,CUST1102,Clothing,Jacket,2024-02-21,2024-02-23,69.78,1,0.05,15.12,South
ORD100001,CUST1435,Electronics,Phone,2024-07-08,2024-07-13,784.55,5,0.0,341.31,West
ORD100002,CUST1348,Electronics,Headphones,2024-11-16,2024-11-18,1020.48,4,0.1,311.27,Central
ORD100003,CUST1270,Electronics,Phone,2024-09-27,2024-09-29,44.48,4,0.15,6.17,North
ORD100004,CUST1106,Home & Kitchen,Vacuum,2024-09-11,2024-09-16,140.34,6,0.0,48.9,West
ORD100005,CUST1071,Books,Comics,2024-09-13,2024-09-16,117.5,2,0.15,41.89,Central
ORD100006,CUST1188,Home & Kitchen,Cookware Set,2024-05-11,2024-05-14,515.0,5,0.0,280.19,East
ORD100007,CUST1020,Electronics,Camera,2024-04-17,2024-04-20,1598.68,2,0.05,178.88,East
ORD100008,CUST1102,Books,Comics,2024-10-22,2024-10-28,102.3,2,0.1,60.01,South
ORD100009,CUST1121,Home & Kitchen,Cookware Set,2024-10-22,2024-10-28,447.72,2,0.1,179.06,Central
ORD100010,CUST1466,Clothing,T-Shirt,2024-11-12,2024-11-15,27.21,1,0.3,8.03,East
ORD100011,CUST1214,Home & Kitchen,Blender,2024-11-29,2024-12-04,586.84,2,0.0,206.33,East
ORD100012,CUST1330,Clothing,Jeans,2024-07-05,2024-07-07,460.2,5,0.1,79.94,South
ORD100013,CUST1458,Clothing,Jeans,2024-07-02,2024-07-06,333.09,3,0.1,88.91,West
ORD100014,CUST1087,Beauty,Makeup Set,2024-10-18,2024-10-21,187.04,2,0.2,30.31,East
ORD100015,CUST1372,Clothing,T-Shirt,2024-08-25,2024-08-27,292.86,2,0.0,174.35,North
ORD100016,CUST1099,Clothing,Jeans,2024-09-13,2024-09-17,176.34,2,0.15,45.9,North
ORD100017,CUST1359,Beauty,Perfume,2024-10-17,2024-10-18,132.87,3,0.05,58.35,West
ORD100018,CUST1151,Books,Textbook,2024-11-20,2024-11-23,122.01,3,0.0,67.14,Central
ORD100019,CUST1130,Electronics,Phone,2024-05-03,2024-05-04,91.44,1,0.05,34.6,South
ORD100020,CUST1149,Electronics,Camera,2024-05-17,2024-05-20,3233.7,3,0.0,791.19,North
ORD100021,CUST1308,Electronics,Laptop,2024-02-04,2024-02-07,304.12,2,0.05,75.73,North
ORD100022,CUST1257,Home & Kitchen,Blender,2024-07-30,2024-07-31,409.53,3,0.2,33.66,West
ORD100023,CUST1343,Clothing,Sneakers,2024-01-14,2024-01-16,369.84,3,0.05,140.6,Central
ORD100024,CUST1491,Electronics,Phone,2024-06-18,2024-06-22,720.8,1,0.1,219.98,Central
ORD100025,CUST1413,Beauty,Perfume,2024-07-17,2024-07-19,150.81,3,0.05,56.27,West
ORD100026,CUST1293,Home & Kitchen,Lamp,2024-04-14,2024-04-19,193.59,1,0.0,94.79,North
ORD100027,CUST1385,Electronics,Phone,2024-08-03,2024-08-03,4107.64,4,0.0,773.39,South
ORD100028,CUST1191,Home & Kitchen,Blender,2024-01-12,2024-01-15,706.4,5,0.05,201.61,North
ORD100029,CUST1443,Home & Kitchen,Vacuum,2024-01-14,2024-01-16,1744.5,5,0.0,863.49,Central
ORD100030,CUST1276,Electronics,Camera,2024-10-27,2024-10-27,459.52,4,0.0,74.12,North
ORD100031,CUST1160,Clothing,Sneakers,2024-05-11,2024-05-13,470.56,4,0.05,173.43,South
ORD100032,CUST1459,Books,Textbook,2024-02-16,2024-02-18,154.86,3,0.0,105.02,East
ORD100033,CUST1313,Clothing,T-Shirt,2024-07-09,2024-07-13,31.36,1,0.0,11.94,North
ORD100034,CUST1021,Home & Kitchen,Vacuum,2024-10-08,2024-10-10,530.1,3,0.05,218.08,West
ORD100035,CUST1252,Clothing,T-Shirt,2024-03-19,2024-03-20,116.0,4,0.0,36.97,East
ORD100036,CUST1235,Electronics,Phone,2024-08-15,2024-08-16,1701.72,2,0.2,7.92,West
ORD100037,CUST1344,Electronics,Headphones,2024-02-01,2024-02-01,1941.18,3,0.15,12.26,West
ORD100038,CUST1048,Clothing,T-Shirt,2024-01-19,2024-01-21,194.24,2,0.1,63.0,West
ORD100039,CUST1474,Electronics,Laptop,2024-07-12,2024-07-16,487.64,2,0.0,152.88,North
ORD100040,CUST1058,Electronics,Laptop,2024-07-16,2024-07-19,785.94,3,0.15,58.13,Central
ORD100041,CUST1169,Books,Textbook,2024-08-20,2024-08-25,29.12,4,0.15,14.86,East
ORD100042,CUST1475,Beauty,Perfume,2024-09-22,2024-09-27,126.12,3,0.15,38.92,South
ORD100043,CUST1187,Books,Comics,2024-12-22,2024-12-25,35.79,1,0.0,19.19,Central
ORD100044,CUST1463,Beauty,Perfume,2024-07-07,2024-07-11,414.64,4,0.1,215.07,North
ORD100045,CUST1270,Electronics,Phone,2024-04-27,2024-04-28,2410.92,3,0.15,420.96,West
ORD100046,CUST1189,Beauty,Perfume,2024-10-17,2024-10-20,165.21,3,0.05,49.79,South
ORD100047,CUST1445,Electronics,Headphones,2024-04-08,2024-04-12,1144.21,1,0.1,106.59,East
ORD100048,CUST1174,Beauty,Perfume,2024-06-09,2024-06-13,438.55,5,0.05,247.9,Central
ORD100049,CUST1445,Beauty,Makeup Set,2024-01-29,2024-02-01,335.91,3,0.05,190.88,Central
ORD100050,CUST1050,Books,Novel,2024-01-10,2024-01-12,102.06,3,0.0,63.4,South
ORD100051,CUST1363,Beauty,Makeup Set,2024-12-17,2024-12-19,69.54,2,0.1,16.96,North
ORD100052,CUST1054,Home & Kitchen,Blender,2024-11-01,2024-11-04,86.13,3,0.0,43.49,East
ORD100053,CUST1243,Clothing,Jacket,2024-09-11,2024-09-14,330.84,3,0.05,98.59,South
ORD100054,CUST1319,Clothing,Jacket,2024-05-29,2024-06-02,67.77,3,0.0,38.26,West
ORD100055,CUST1130,Home & Kitchen,Blender,2024-03-04,2024-03-04,633.45,5,0.05,178.57,East
ORD100056,CUST1484,Electronics,Phone,2024-02-27,2024-02-29,643.64,1,0.0,220.88,Central
ORD100057,CUST1306,Home & Kitchen,Vacuum,2024-04-01,2024-04-05,458.5,2,0.1,79.72,South
ORD100058,CUST1134,Beauty,Shampoo,2024-07-19,2024-07-21,370.35,5,0.15,154.89,Central
ORD100059,CUST1020,Electronics,Headphones,2024-09-17,2024-09-21,207.84,1,0.0,53.67,Central
ORD100060,CUST1328,Books,Guide,2024-08-28,2024-08-31,25.89,1,0.0,16.29,Central
ORD100061,CUST1166,Beauty,Shampoo,2024-04-12,2024-04-14,303.92,4,0.0,121.63,North
ORD100062,CUST1273,Beauty,Perfume,2024-12-14,2024-12-17,116.53,1,0.2,16.8,Central
ORD100063,CUST1387,Beauty,Skincare Kit,2024-09-26,2024-10-03,177.36,2,0.05,98.54,West
ORD100064,CUST1088,Home & Kitchen,Lamp,2024-07-21,2024-07-24,369.66,1,0.05,72.71,West
ORD100065,CUST1315,Beauty,Perfume,2024-08-11,2024-08-16,185.3,2,0.0,81.95,East
ORD100066,CUST1013,Books,Guide,2024-06-02,2024-06-10,112.62,3,0.1,63.28,Central
ORD100067,CUST1241,Electronics,Camera,2024-03-31,2024-04-01,715.53,3,0.15,122.88,Central
ORD100068,CUST1264,Clothing,T-Shirt,2024-05-09,2024-05-11,203.34,2,0.15,80.06,South
ORD100069,CUST1345,Books,Novel,2024-10-03,2024-10-05,117.87,3,0.1,45.95,North
ORD100070,CUST1052,Electronics,Phone,2024-01-06,2024-01-07,2907.76,4,0.0,646.51,East
ORD100071,CUST1385,Home & Kitchen,Cookware Set,2024-02-12,2024-02-15,200.0,1,0.0,102.59,Central
ORD100072,CUST1339,Home & Kitchen,Lamp,2024-01-17,2024-01-21,860.92,4,0.0,320.99,South
ORD100073,CUST1091,Electronics,Phone,2024-01-15,2024-01-16,815.98,2,0.0,167.78,North
ORD100074,CUST1366,Home & Kitchen,Vacuum,2024-11-08,2024-11-15,1057.85,5,0.0,235.21,East
ORD100075,CUST1443,Books,Guide,2024-09-13,2024-09-19,95.22,6,0.0,51.98,East
ORD100076,CUST1454,Clothing,Jacket,2024-06-22,2024-06-24,243.5,2,0.0,65.11,Central
ORD100077,CUST1427,Electronics,Headphones,2024-02-05,2024-02-07,462.14,2,0.2,41.26,East
ORD100078,CUST1263,Electronics,Phone,2024-06-28,2024-06-29,555.55,5,0.1,128.74,South
ORD100079,CUST1430,Clothing,Jacket,2024-06-21,2024-06-21,136.52,2,0.15,20.9,East
ORD100080,CUST1034,Beauty,Skincare Kit,2024-03-04,2024-03-08,161.42,2,0.1,60.93,West
ORD100081,CUST1205,Electronics,Phone,2024-06-07,2024-06-10,2123.52,4,0.0,654.96,South
ORD100082,CUST1080,Home & Kitchen,Vacuum,2024-05-25,2024-05-29,349.47,3,0.1,97.29,North
ORD100083,CUST1419,Electronics,Laptop,2024-08-12,2024-08-17,674.22,1,0.0,132.12,North
ORD100084,CUST1049,Clothing,Jeans,2024-08-19,2024-08-20,110.64,2,0.1,23.11,Central
ORD100085,CUST1359,Books,Novel,2024-01-17,2024-01-18,168.93,3,0.0,97.8,Central
ORD100086,CUST1387,Books,Novel,2024-05-16,2024-05-18,111.5,2,0.3,33.45,West
ORD100087,CUST1001,Electronics,Laptop,2024-08-16,2024-08-22,3039.1,5,0.0,919.09,North
ORD100088,CUST1389,Clothing,Jacket,2024-07-02,2024-07-05,210.16,4,0.0,83.97,North
ORD100089,CUST1053,Electronics,Laptop,2024-11-08,2024-11-11,887.19,1,0.2,158.36,North
ORD100090,CUST1105,Clothing,T-Shirt,2024-08-28,2024-08-30,30.96,3,0.0,9.97,North
ORD100091,CUST1259,Home & Kitchen,Cookware Set,2024-02-29,2024-03-06,970.55,5,0.1,271.5,East
ORD100092,CUST1309,Electronics,Headphones,2024-01-26,2024-01-27,1230.66,3,0.1,307.4,South
ORD100093,CUST1476,Clothing,T-Shirt,2024-08-22,2024-08-25,276.96,2,0.15,114.28,South
ORD100094,CUST1190,Clothing,Sneakers,2024-01-10,2024-01-11,20.22,3,0.3,4.37,West
ORD100095,CUST1401,Beauty,Skincare Kit,2024-08-01,2024-08-03,205.71,3,0.3,3.65,East
ORD100096,CUST1217,Beauty,Makeup Set,2024-12-09,2024-12-13,270.54,3,0.0,146.96,North
ORD100097,CUST1043,Electronics,Camera,2024-07-29,2024-08-03,1174.34,2,0.15,292.81,North
ORD100098,CUST1161,Books,Guide,2024-05-21,2024-05-29,9.7,1,0.1,4.48,Central
ORD100099,CUST1201,Clothing,Jeans,2024-08-22,2024-08-24,584.04,4,0.1,229.25,Central
ORD100100,CUST1445,Clothing,Sneakers,2024-06-16,2024-06-18,560.77,7,0.0,329.56,West
ORD100101,CUST1483,Books,Guide,2024-07-18,2024-07-22,77.56,2,0.1,39.01,North
ORD100102,CUST1269,Beauty,Skincare Kit,2024-12-09,2024-12-09,96.63,3,0.3,15.42,West
ORD100103,CUST1350,Beauty,Skincare Kit,2024-05-20,2024-05-24,181.8,3,0.2,46.7,East
ORD100104,CUST1303,Home & Kitchen,Lamp,2024-12-16,2024-12-19,528.69,3,0.05,198.37,South
ORD100105,CUST1270,Clothing,Jacket,2024-11-26,2024-12-02,47.58,3,0.0,21.1,North
ORD100106,CUST1455,Books,Novel,2024-03-12,2024-03-14,32.52,3,0.0,13.34,East
ORD100107,CUST1461,Clothing,Sneakers,2024-01-26,2024-01-28,252.86,2,0.15,80.39,North
ORD100108,CUST1214,Home & Kitchen,Lamp,2024-02-06,2024-02-09,510.05,5,0.1,183.42,Central
ORD100109,CUST1251,Clothing,Jacket,2024-01-07,2024-01-13,133.08,4,0.05,61.86,West
ORD100110,CUST1189,Home & Kitchen,Lamp,2024-02-04,2024-02-04,205.93,1,0.0,80.27,Central
ORD100111,CUST1295,Electronics,Camera,2024-09-06,2024-09-10,2774.43,3,0.05,477.6,South
ORD100112,CUST1212,Electronics,Phone,2024-01-26,2024-01-30,251.16,3,0.05,84.94,Central
ORD100113,CUST1207,Beauty,Perfume,2024-04-26,2024-04-29,285.32,4,0.2,57.57,North
ORD100114,CUST1236,Electronics,Phone,2024-11-04,2024-11-08,303.72,2,0.1,104.38,Central
ORD100115,CUST1337,Home & Kitchen,Cookware Set,2024-01-09,2024-01-13,66.87,3,0.0,26.97,North
ORD100116,CUST1366,Electronics,Headphones,2024-10-24,2024-10-28,72.77,1,0.05,12.17,South
ORD100117,CUST1052,Electronics,Phone,2024-04-12,2024-04-13,4010.64,4,0.0,1397.23,Central
ORD100118,CUST1279,Electronics,Phone,2024-02-13,2024-02-18,601.56,4,0.3,-11.5,West
ORD100119,CUST1409,Electronics,Headphones,2024-09-11,2024-09-17,191.19,3,0.0,74.28,West
ORD100120,CUST1216,Beauty,Makeup Set,2024-08-17,2024-08-17,55.36,1,0.05,18.84,West
ORD100121,CUST1251,Clothing,Sneakers,2024-11-16,2024-11-20,509.52,4,0.0,296.39,Central
ORD100122,CUST1187,Beauty,Shampoo,2024-09-25,2024-09-27,105.54,3,0.1,26.56,Central
ORD100123,CUST1379,Home & Kitchen,Blender,2024-10-20,2024-10-22,866.55,5,0.1,329.84,Central
ORD100124,CUST1492,Clothing,Jacket,2024-04-12,2024-04-15,21.58,2,0.1,4.18,North
ORD100125,CUST1040,Home & Kitchen,Cookware Set,2024-03-05,2024-03-06,736.16,4,0.0,314.06,South
ORD100126,CUST1156,Home & Kitchen,Blender,2024-09-30,2024-10-01,703.26,3,0.0,208.91,West
ORD100127,CUST1014,Books,Comics,2024-10-21,2024-10-26,182.0,5,0.0,109.97,North
ORD100128,CUST1300,Clothing,Jacket,2024-12-27,2024-12-27,53.2,1,0.1,9.73,West
ORD100129,CUST1064,Clothing,Jacket,2024-05-30,2024-06-01,152.25,3,0.0,84.6,North
ORD100130,CUST1344,Beauty,Skincare Kit,2024-05-15,2024-05-18,34.52,2,0.05,18.55,Central
ORD100131,CUST1326,Beauty,Skincare Kit,2024-10-10,2024-10-12,94.36,2,0.15,30.9,West
ORD100132,CUST1008,Beauty,Shampoo,2024-05-04,2024-05-06,32.88,2,0.2,13.85,Central
ORD100133,CUST1343,Clothing,Sneakers,2024-12-05,2024-12-06,116.16,1,0.05,55.92,West
ORD100134,CUST1128,Books,Comics,2024-11-09,2024-11-10,116.3,2,0.05,42.66,East
ORD100135,CUST1491,Clothing,Jacket,2024-06-05,2024-06-08,436.98,3,0.0,112.84,North
ORD100136,CUST1135,Clothing,Jeans,2024-10-01,2024-10-02,521.76,4,0.1,192.17,East
ORD100137,CUST1471,Electronics,Camera,2024-10-02,2024-10-04,4349.64,6,0.15,100.1,North
ORD100138,CUST1062,Home & Kitchen,Vacuum,2024-02-07,2024-02-07,1130.96,4,0.0,406.37,South
ORD100139,CUST1138,Electronics,Camera,2024-11-25,2024-11-26,1048.17,3,0.05,334.45,West
ORD100140,CUST1498,Clothing,Sneakers,2024-07-03,2024-07-10,482.3,5,0.15,98.47,South
ORD100141,CUST1080,Beauty,Makeup Set,2024-10-28,2024-11-03,229.6,4,0.2,50.37,South
ORD100142,CUST1391,Electronics,Headphones,2024-04-26,2024-04-27,1750.8,3,0.0,268.33,North
ORD100143,CUST1162,Electronics,Laptop,2024-11-22,2024-11-23,1823.5,2,0.05,584.4,East
ORD100144,CUST1418,Electronics,Laptop,2024-05-22,2024-05-26,690.96,2,0.0,171.62,Central
ORD100145,CUST1288,Beauty,Shampoo,2024-01-04,2024-01-09,207.85,5,0.0,131.32,North
ORD100146,CUST1378,Home & Kitchen,Vacuum,2024-11-26,2024-12-01,2222.76,6,0.2,689.56,Central
ORD100147,CUST1260,Clothing,Jeans,2024-02-03,2024-02-03,26.3,2,0.15,11.8,South
ORD100148,CUST1489,Books,Comics,2024-04-26,2024-05-01,126.84,4,0.15,31.73,Central
ORD100149,CUST1230,Books,Textbook,2024-12-12,2024-12-15,165.6,3,0.0,76.06,East
ORD100150,CUST1040,Clothing,Jeans,2024-12-12,2024-12-19,187.0,2,0.15,32.66,North
ORD100151,CUST1027,Home & Kitchen,Lamp,2024-07-28,2024-07-31,666.57,3,0.05,214.36,East
ORD100152,CUST1134,Books,Novel,2024-08-18,2024-08-21,37.48,2,0.0,22.86,East
ORD100153,CUST1200,Home & Kitchen,Blender,2024-06-12,2024-06-15,427.68,3,0.05,191.2,North
ORD100154,CUST1327,Electronics,Camera,2024-04-17,2024-04-21,2047.88,2,0.0,746.65,East
ORD100155,CUST1267,Beauty,Makeup Set,2024-04-29,2024-05-03,69.31,1,0.15,25.53,West
ORD100156,CUST1417,Home & Kitchen,Lamp,2024-09-02,2024-09-05,629.34,3,0.05,148.08,West
ORD100157,CUST1032,Clothing,Jeans,2024-10-01,2024-10-04,38.88,2,0.0,15.98,West
ORD100158,CUST1047,Clothing,T-Shirt,2024-10-15,2024-10-18,21.96,3,0.0,12.58,Central
ORD100159,CUST1406,Electronics,Camera,2024-10-15,2024-10-17,4627.16,4,0.0,2057.2,East
ORD100160,CUST1061,Electronics,Laptop,2024-02-03,2024-02-07,458.61,1,0.0,192.3,North
ORD100161,CUST1215,Books,Guide,2024-06-29,2024-06-30,38.18,1,0.05,20.11,North
ORD100162,CUST1292,Electronics,Phone,2024-01-22,2024-01-22,314.58,3,0.15,6.3,Central
ORD100163,CUST1098,Clothing,Sneakers,2024-07-19,2024-07-26,208.1,2,0.0,78.43,North
ORD100164,CUST1171,Home & Kitchen,Lamp,2024-06-10,2024-06-11,1120.71,3,0.0,301.88,West
ORD100165,CUST1359,Electronics,Phone,2024-11-20,2024-11-21,2780.16,4,0.05,723.08,East
ORD100166,CUST1213,Beauty,Skincare Kit,2024-05-08,2024-05-09,58.5,3,0.15,21.84,North
ORD100167,CUST1474,Electronics,Headphones,2024-02-12,2024-02-15,2809.0,4,0.0,1172.7,North
ORD100168,CUST1034,Clothing,T-Shirt,2024-02-22,2024-02-23,464.48,4,0.0,136.29,South
ORD100169,CUST1448,Clothing,Sneakers,2024-10-04,2024-10-07,255.72,4,0.05,70.55,South
ORD100170,CUST1226,Electronics,Phone,2024-08-13,2024-08-19,3171.03,3,0.0,1267.03,South
ORD100171,CUST1100,Electronics,Headphones,2024-02-06,2024-02-07,781.93,1,0.0,231.7,East
ORD100172,CUST1430,Books,Comics,2024-01-31,2024-02-02,163.38,3,0.1,74.14,West
ORD100173,CUST1461,Beauty,Shampoo,2024-09-12,2024-09-15,230.1,3,0.1,76.21,West
ORD100174,CUST1130,Electronics,Headphones,2024-01-27,2024-01-30,498.69,3,0.05,57.92,West
ORD100175,CUST1256,Home & Kitchen,Lamp,2024-10-26,2024-11-02,517.6,4,0.1,127.89,East
ORD100176,CUST1004,Books,Novel,2024-09-14,2024-09-19,32.2,2,0.1,14.1,East
ORD100177,CUST1217,Books,Comics,2024-01-30,2024-02-01,164.97,3,0.0,112.99,South
ORD100178,CUST1254,Clothing,T-Shirt,2024-01-31,2024-02-01,115.26,1,0.0,66.62,North
ORD100179,CUST1397,Clothing,Jacket,2024-12-26,2025-01-02,103.08,1,0.0,55.09,Central
ORD100180,CUST1358,Clothing,Sneakers,2024-05-16,2024-05-21,145.92,3,0.0,85.89,Central
ORD100181,CUST1282,Books,Guide,2024-05-15,2024-05-18,60.48,4,0.1,22.8,North
ORD100182,CUST1392,Books,Novel,2024-10-23,2024-10-25,93.2,2,0.15,31.04,South
ORD100183,CUST1206,Electronics,Laptop,2024-12-11,2024-12-14,1148.5,2,0.3,125.4,North
ORD100184,CUST1014,Clothing,Jacket,2024-12-25,2024-12-27,188.7,5,0.1,39.13,North
ORD100185,CUST1345,Beauty,Shampoo,2024-10-01,2024-10-05,151.82,2,0.0,90.46,Central
ORD100186,CUST1041,Books,Novel,2024-05-17,2024-05-20,21.66,3,0.0,13.2,South
ORD100187,CUST1379,Beauty,Makeup Set,2024-01-31,2024-02-03,42.51,1,0.15,17.55,East
ORD100188,CUST1460,Books,Guide,2024-10-10,2024-10-16,153.85,5,0.05,82.82,Central
ORD100189,CUST1178,Clothing,Jeans,2024-07-22,2024-07-23,105.8,4,0.1,43.47,East
ORD100190,CUST1062,Home & Kitchen,Blender,2024-06-03,2024-06-07,1181.94,3,0.15,270.51,South
ORD100191,CUST1351,Home & Kitchen,Cookware Set,2024-11-26,2024-11-28,269.91,3,0.1,82.97,North
ORD100192,CUST1230,Electronics,Phone,2024-02-10,2024-02-12,660.48,4,0.15,2.66,West
ORD100193,CUST1240,Home & Kitchen,Lamp,2024-06-28,2024-07-01,351.16,4,0.0,186.26,West
ORD100194,CUST1051,Books,Comics,2024-01-05,2024-01-08,94.6,2,0.1,52.72,South
ORD100195,CUST1095,Electronics,Laptop,2024-06-20,2024-06-21,2065.4,4,0.15,586.89,West
ORD100196,CUST1387,Books,Comics,2024-01-21,2024-01-24,144.4,4,0.0,73.97,East
ORD100197,CUST1221,Home & Kitchen,Blender,2024-02-13,2024-02-15,16.24,1,0.1,7.0,West
ORD100198,CUST1484,Beauty,Shampoo,2024-02-12,2024-02-16,44.8,5,0.0,16.0,South
ORD100199,CUST1406,Electronics,Headphones,2024-08-24,2024-08-30,2702.65,5,0.3,-9.67,South
ORD100200,CUST1230,Clothing,Sneakers,2024-09-29,2024-10-04,370.26,3,0.0,153.86,East
ORD100201,CUST1236,Home & Kitchen,Cookware Set,2024-07-31,2024-08-05,1065.03,3,0.05,323.18,West
ORD100202,CUST1142,Clothing,T-Shirt,2024-12-17,2024-12-20,52.71,3,0.0,28.47,West
ORD100203,CUST1170,Books,Novel,2024-05-16,2024-05-19,34.61,1,0.1,18.71,North
ORD100204,CUST1028,Books,Textbook,2024-04-14,2024-04-14,165.69,3,0.0,100.14,Central
ORD100205,CUST1035,Electronics,Headphones,2024-11-13,2024-11-16,1415.07,3,0.0,384.83,South
ORD100206,CUST1012,Home & Kitchen,Cookware Set,2024-03-22,2024-03-26,1332.76,4,0.05,568.37,North
ORD100207,CUST1159,Home & Kitchen,Lamp,2024-12-17,2024-12-23,60.41,1,0.2,18.69,South
ORD100208,CUST1326,Clothing,Jeans,2024-01-05,2024-01-07,281.26,2,0.0,73.26,North
ORD100209,CUST1186,Beauty,Perfume,2024-12-20,2024-12-21,365.64,4,0.0,234.85,Central
ORD100210,CUST1242,Books,Novel,2024-01-16,2024-01-18,227.08,4,0.15,70.21,North
ORD100211,CUST1085,Home & Kitchen,Vacuum,2024-11-21,2024-11-23,1366.15,5,0.05,306.27,South
ORD100212,CUST1283,Books,Textbook,2024-07-11,2024-07-12,24.99,1,0.2,10.26,West
ORD100213,CUST1065,Clothing,Sneakers,2024-12-28,2024-12-30,564.16,4,0.0,311.72,South
ORD100214,CUST1169,Beauty,Shampoo,2024-01-27,2024-02-01,73.38,2,0.1,36.62,East
ORD100215,CUST1044,Home & Kitchen,Lamp,2024-07-21,2024-07-27,414.63,3,0.0,126.83,East
ORD100216,CUST1061,Books,Comics,2024-12-19,2024-12-23,261.24,6,0.0,132.49,East
ORD100217,CUST1440,Beauty,Perfume,2024-07-09,2024-07-11,93.01,1,0.1,25.68,East
ORD100218,CUST1133,Clothing,Sneakers,2024-08-17,2024-08-22,279.52,2,0.05,62.02,Central
ORD100219,CUST1283,Books,Novel,2024-09-10,2024-09-14,65.04,4,0.15,22.27,West
ORD100220,CUST1027,Electronics,Laptop,2024-06-14,2024-06-17,3838.48,4,0.0,1547.85,West
ORD100221,CUST1107,Clothing,Jeans,2024-08-17,2024-08-21,224.18,2,0.05,104.2,South
ORD100222,CUST1043,Clothing,Jeans,2024-08-01,2024-08-01,14.25,1,0.05,3.64,North
ORD100223,CUST1339,Beauty,Skincare Kit,2024-11-24,2024-11-26,198.12,4,0.3,54.82,South
ORD100224,CUST1285,Beauty,Shampoo,2024-01-17,2024-01-19,150.08,4,0.0,93.74,South
ORD100225,CUST1445,Books,Textbook,2024-04-12,2024-04-15,21.75,1,0.0,10.64,South
ORD100226,CUST1330,Books,Guide,2024-12-12,2024-12-17,177.18,3,0.0,102.63,South
ORD100227,CUST1127,Home & Kitchen,Vacuum,2024-11-20,2024-11-23,259.97,1,0.05,46.27,West
ORD100228,CUST1347,Beauty,Makeup Set,2024-06-15,2024-06-20,437.65,5,0.0,184.87,North
ORD100229,CUST1472,Clothing,Sneakers,2024-08-14,2024-08-16,146.61,1,0.2,54.01,South
ORD100230,CUST1230,Clothing,T-Shirt,2024-04-11,2024-04-15,179.07,3,0.0,48.04,West
ORD100231,CUST1189,Electronics,Headphones,2024-03-09,2024-03-14,1928.38,2,0.2,332.51,South
ORD100232,CUST1224,Books,Textbook,2024-06-18,2024-06-20,28.9,1,0.0,17.31,East
ORD100233,CUST1384,Books,Textbook,2024-05-08,2024-05-09,105.64,2,0.1,50.64,South
ORD100234,CUST1376,Clothing,Sneakers,2024-08-01,2024-08-01,93.6,3,0.2,35.76,South
ORD100235,CUST1282,Electronics,Laptop,2024-01-29,2024-02-02,6826.5,6,0.0,2055.09,Central
ORD100236,CUST1445,Books,Textbook,2024-12-21,2024-12-24,34.06,2,0.3,12.36,East
ORD100237,CUST1120,Electronics,Laptop,2024-12-25,2024-12-29,1592.8,4,0.05,445.52,North
ORD100238,CUST1115,Books,Textbook,2024-09-11,2024-09-12,93.18,2,0.2,36.78,South
ORD100239,CUST1460,Beauty,Skincare Kit,2024-07-14,2024-07-15,301.68,6,0.1,84.32,North
ORD100240,CUST1232,Clothing,Sneakers,2024-04-22,2024-04-24,279.57,3,0.0,89.15,East
ORD100241,CUST1258,Electronics,Phone,2024-10-24,2024-10-26,539.04,1,0.0,217.76,South
ORD100242,CUST1358,Books,Guide,2024-09-06,2024-09-07,91.66,2,0.0,54.08,Central
ORD100243,CUST1197,Books,Textbook,2024-02-29,2024-03-02,52.68,3,0.0,30.98,West
ORD100244,CUST1455,Home & Kitchen,Cookware Set,2024-11-28,2024-12-03,30.92,1,0.0,15.37,Central
ORD100245,CUST1410,Beauty,Perfume,2024-10-27,2024-10-29,78.98,2,0.0,29.27,Central
ORD100246,CUST1136,Electronics,Laptop,2024-12-12,2024-12-15,2297.72,4,0.05,431.58,West
ORD100247,CUST1317,Home & Kitchen,Vacuum,2024-09-21,2024-09-25,73.86,1,0.15,24.62,West
ORD100248,CUST1164,Books,Textbook,2024-08-11,2024-08-13,24.51,1,0.0,14.46,West
ORD100249,CUST1224,Beauty,Makeup Set,2024-06-01,2024-06-03,153.0,3,0.0,93.78,South
ORD100250,CUST1306,Electronics,Headphones,2024-12-06,2024-12-08,234.9,3,0.1,37.95,North
ORD100251,CUST1233,Books,Novel,2024-11-12,2024-11-17,111.24,3,0.0,73.82,North
ORD100252,CUST1171,Home & Kitchen,Blender,2024-01-17,2024-01-20,1773.3,5,0.0,363.39,West
ORD100253,CUST1151,Clothing,Jeans,2024-01-10,2024-01-12,108.0,4,0.0,35.29,Central
ORD100254,CUST1462,Electronics,Phone,2024-05-17,2024-05-21,1442.78,2,0.2,191.78,East
ORD100255,CUST1314,Beauty,Shampoo,2024-10-22,2024-10-29,325.8,4,0.15,96.93,West
ORD100256,CUST1373,Electronics,Camera,2024-12-26,2024-12-27,1018.02,2,0.0,179.78,Central
ORD100257,CUST1159,Clothing,T-Shirt,2024-02-24,2024-03-02,426.64,4,0.1,130.58,Central
ORD100258,CUST1095,Clothing,Jeans,2024-08-04,2024-08-07,258.24,4,0.05,126.26,South
ORD100259,CUST1471,Beauty,Skincare Kit,2024-05-19,2024-05-20,189.09,3,0.1,78.94,South
ORD100260,CUST1232,Home & Kitchen,Blender,2024-12-20,2024-12-22,43.52,4,0.1,6.74,North
ORD100261,CUST1179,Books,Comics,2024-11-03,2024-11-04,129.12,3,0.1,52.52,North
ORD100262,CUST1112,Clothing,Sneakers,2024-11-01,2024-11-05,403.56,4,0.0,150.22,East
ORD100263,CUST1317,Home & Kitchen,Vacuum,2024-06-20,2024-06-23,46.1,2,0.0,11.37,East
ORD100264,CUST1496,Home & Kitchen,Cookware Set,2024-05-31,2024-06-02,609.4,4,0.05,114.02,East
ORD100265,CUST1441,Books,Textbook,2024-04-09,2024-04-10,176.55,3,0.2,39.56,East
ORD100266,CUST1051,Beauty,Makeup Set,2024-01-21,2024-01-23,266.9,5,0.05,151.27,Central
ORD100267,CUST1267,Electronics,Phone,2024-11-11,2024-11-14,2429.28,4,0.15,332.24,Central
ORD100268,CUST1294,Home & Kitchen,Vacuum,2024-10-23,2024-10-26,729.38,2,0.3,-6.69,North
ORD100269,CUST1385,Electronics,Laptop,2024-12-30,2024-12-31,1727.08,2,0.0,385.0,South
ORD100270,CUST1386,Home & Kitchen,Lamp,2024-12-29,2025-01-05,708.51,3,0.1,168.38,South
ORD100271,CUST1112,Clothing,Sneakers,2024-07-21,2024-07-23,603.4,5,0.1,266.48,West
ORD100272,CUST1100,Clothing,Jacket,2024-10-07,2024-10-10,390.99,3,0.3,8.17,Central
ORD100273,CUST1112,Clothing,Jacket,2024-12-10,2024-12-14,285.0,4,0.3,13.67,East
ORD100274,CUST1439,Home & Kitchen,Cookware Set,2024-11-06,2024-11-09,388.48,2,0.1,163.1,East
ORD100275,CUST1080,Clothing,Sneakers,2024-03-31,2024-04-06,182.94,3,0.0,80.07,West
ORD100276,CUST1186,Books,Guide,2024-06-13,2024-06-18,290.85,5,0.15,144.78,South
ORD100277,CUST1112,Clothing,Jeans,2024-02-17,2024-02-19,530.45,5,0.0,255.61,East
ORD100278,CUST1001,Electronics,Phone,2024-12-14,2024-12-15,218.08,2,0.15,64.24,South
ORD100279,CUST1129,Books,Guide,2024-08-09,2024-08-14,209.84,4,0.2,79.72,West
ORD100280,CUST1219,Clothing,Sneakers,2024-03-24,2024-03-27,74.68,1,0.0,30.44,South
ORD100281,CUST1053,Clothing,T-Shirt,2024-09-02,2024-09-07,44.91,3,0.1,12.72,South
ORD100282,CUST1342,Home & Kitchen,Lamp,2024-08-13,2024-08-14,1340.94,6,0.05,359.07,South
ORD100283,CUST1484,Clothing,Sneakers,2024-05-10,2024-05-13,130.98,2,0.05,33.7,East
ORD100284,CUST1223,Electronics,Phone,2024-02-11,2024-02-14,3163.56,3,0.0,1219.11,North
ORD100285,CUST1224,Clothing,T-Shirt,2024-09-02,2024-09-05,103.74,3,0.15,42.31,Central
ORD100286,CUST1384,Beauty,Makeup Set,2024-07-08,2024-07-10,100.04,1,0.2,15.2,South
ORD100287,CUST1402,Home & Kitchen,Cookware Set,2024-10-08,2024-10-09,906.44,4,0.2,267.57,South
ORD100288,CUST1125,Home & Kitchen,Cookware Set,2024-07-08,2024-07-12,58.82,2,0.0,12.28,South
ORD100289,CUST1129,Home & Kitchen,Blender,2024-11-07,2024-11-08,1944.8,5,0.2,107.18,North
ORD100290,CUST1052,Electronics,Phone,2024-07-20,2024-07-27,3720.06,6,0.1,743.03,West
ORD100291,CUST1171,Clothing,Sneakers,2024-07-23,2024-07-25,188.72,4,0.0,48.41,East
ORD100292,CUST1217,Books,Comics,2024-11-15,2024-11-18,92.46,3,0.0,62.02,North
ORD100293,CUST1159,Electronics,Laptop,2024-05-27,2024-05-30,1030.85,1,0.0,370.16,South
ORD100294,CUST1197,Clothing,T-Shirt,2024-02-18,2024-02-24,196.84,4,0.2,34.76,North
ORD100295,CUST1415,Clothing,Sneakers,2024-01-11,2024-01-13,65.88,2,0.1,24.87,North
ORD100296,CUST1246,Clothing,Sneakers,2024-10-02,2024-10-03,47.44,2,0.1,8.31,North
ORD100297,CUST1323,Beauty,Skincare Kit,2024-08-14,2024-08-19,78.5,2,0.0,49.22,West
ORD100298,CUST1438,Electronics,Headphones,2024-09-13,2024-09-15,1876.52,2,0.1,347.49,Central
ORD100299,CUST1202,Home & Kitchen,Lamp,2024-03-18,2024-03-24,578.64,3,0.0,198.59,East
ORD100300,CUST1183,Electronics,Headphones,2024-02-19,2024-02-22,842.1,3,0.0,214.05,West
ORD100301,CUST1122,Beauty,Perfume,2024-01-06,2024-01-10,48.22,2,0.1,22.21,West
ORD100302,CUST1400,Electronics,Camera,2024-05-07,2024-05-09,405.95,1,0.0,138.28,Central
ORD100303,CUST1254,Clothing,Jeans,2024-08-03,2024-08-03,847.74,6,0.15,131.16,West
ORD100304,CUST1293,Books,Comics,2024-05-23,2024-05-26,23.87,1,0.0,15.31,North
ORD100305,CUST1279,Books,Guide,2024-06-08,2024-06-13,59.35,1,0.1,20.89,North
ORD100306,CUST1324,Clothing,Sneakers,2024-11-26,2024-11-29,150.72,2,0.05,53.21,South
ORD100307,CUST1371,Clothing,Jacket,2024-05-07,2024-05-09,61.96,2,0.05,17.55,West
ORD100308,CUST1097,Clothing,T-Shirt,2024-07-06,2024-07-09,536.88,4,0.0,188.04,South
ORD100309,CUST1197,Clothing,Jacket,2024-10-13,2024-10-16,143.5,2,0.0,75.68,East
ORD100310,CUST1469,Electronics,Camera,2024-05-24,2024-05-26,854.51,1,0.2,67.81,North
ORD100311,CUST1394,Clothing,T-Shirt,2024-08-15,2024-08-17,295.28,2,0.0,87.49,East
ORD100312,CUST1239,Clothing,Jeans,2024-11-10,2024-11-13,61.4,5,0.15,18.34,Central
ORD100313,CUST1143,Clothing,Jeans,2024-12-12,2024-12-14,57.06,3,0.3,-2.19,North
ORD100314,CUST1096,Home & Kitchen,Cookware Set,2024-02-23,2024-02-24,290.42,1,0.0,113.76,East
ORD100315,CUST1200,Beauty,Shampoo,2024-12-04,2024-12-06,149.64,4,0.0,89.79,Central
ORD100316,CUST1123,Home & Kitchen,Vacuum,2024-06-28,2024-07-02,160.5,2,0.1,50.35,East
ORD100317,CUST1186,Electronics,Phone,2024-04-04,2024-04-08,113.68,2,0.3,-15.4,Central
ORD100318,CUST1325,Electronics,Headphones,2024-06-16,2024-06-20,36.0,1,0.2,5.55,Central
ORD100319,CUST1463,Beauty,Perfume,2024-12-23,2024-12-26,376.28,4,0.05,111.45,North
ORD100320,CUST1348,Clothing,Sneakers,2024-06-28,2024-07-01,48.98,2,0.15,6.93,South
ORD100321,CUST1258,Electronics,Headphones,2024-04-29,2024-04-30,566.59,1,0.0,195.44,Central
ORD100322,CUST1147,Home & Kitchen,Lamp,2024-08-19,2024-08-23,736.53,3,0.3,162.67,Central
ORD100323,CUST1251,Home & Kitchen,Vacuum,2024-03-28,2024-03-30,703.64,4,0.3,-2.53,North
ORD100324,CUST1442,Home & Kitchen,Lamp,2024-01-28,2024-01-30,37.26,2,0.0,16.43,South
ORD100325,CUST1419,Clothing,Sneakers,2024-02-17,2024-02-19,711.66,6,0.0,231.98,West
ORD100326,CUST1402,Electronics,Laptop,2024-02-16,2024-02-22,90.04,4,0.0,28.56,West
ORD100327,CUST1345,Beauty,Perfume,2024-02-25,2024-02-26,370.48,4,0.0,177.89,South
ORD100328,CUST1450,Clothing,Jacket,2024-02-20,2024-02-22,672.65,5,0.15,119.55,East
ORD100329,CUST1146,Home & Kitchen,Vacuum,2024-08-21,2024-08-23,355.34,2,0.0,147.88,North
ORD100330,CUST1147,Books,Guide,2024-03-07,2024-03-09,103.35,3,0.0,58.61,South
ORD100331,CUST1351,Home & Kitchen,Blender,2024-05-06,2024-05-11,584.94,3,0.0,244.7,West
ORD100332,CUST1198,Clothing,Jeans,2024-11-23,2024-11-26,184.32,3,0.3,31.59,Central
ORD100333,CUST1307,Clothing,Jacket,2024-06-21,2024-06-22,401.04,3,0.1,126.7,West
ORD100334,CUST1488,Home & Kitchen,Blender,2024-08-31,2024-09-03,1433.68,4,0.05,311.0,Central
ORD100335,CUST1416,Beauty,Makeup Set,2024-03-03,2024-03-08,174.48,4,0.0,91.32,North
ORD100336,CUST1423,Beauty,Makeup Set,2024-03-11,2024-03-15,227.19,3,0.3,37.83,Central
ORD100337,CUST1127,Electronics,Laptop,2024-01-15,2024-01-19,4452.08,4,0.15,439.79,South
ORD100338,CUST1038,Electronics,Laptop,2024-03-02,2024-03-07,2309.7,2,0.0,852.67,Central
ORD100339,CUST1337,Beauty,Shampoo,2024-04-11,2024-04-13,254.12,4,0.0,140.49,East
ORD100340,CUST1359,Books,Novel,2024-03-05,2024-03-08,179.46,6,0.0,75.37,South
ORD100341,CUST1128,Beauty,Perfume,2024-02-02,2024-02-04,37.05,1,0.0,14.7,North
ORD100342,CUST1266,Electronics,Phone,2024-02-14,2024-02-22,2302.12,2,0.05,522.22,South
ORD100343,CUST1475,Home & Kitchen,Vacuum,2024-06-17,2024-06-20,191.94,3,0.2,23.66,East
ORD100344,CUST1440,Books,Guide,2024-03-16,2024-03-20,36.89,1,0.05,23.66,North
ORD100345,CUST1472,Home & Kitchen,Vacuum,2024-05-12,2024-05-17,356.28,3,0.15,65.44,West
ORD100346,CUST1433,Clothing,Jacket,2024-07-02,2024-07-06,45.46,1,0.05,16.9,East
ORD100347,CUST1150,Electronics,Phone,2024-09-08,2024-09-11,1475.73,3,0.1,274.89,North
ORD100348,CUST1414,Home & Kitchen,Vacuum,2024-01-15,2024-01-18,799.06,2,0.1,259.05,Central
ORD100349,CUST1477,Clothing,Jeans,2024-10-18,2024-10-19,51.88,4,0.0,29.65,South
ORD100350,CUST1297,Clothing,Jacket,2024-08-17,2024-08-21,266.67,3,0.0,141.96,North
ORD100351,CUST1098,Beauty,Skincare Kit,2024-01-30,2024-02-03,87.0,6,0.1,18.9,South
ORD100352,CUST1262,Clothing,Jacket,2024-11-14,2024-11-17,109.64,4,0.0,50.1,Central
ORD100353,CUST1251,Books,Guide,2024-12-02,2024-12-04,58.36,2,0.0,32.68,North
ORD100354,CUST1143,Electronics,Camera,2024-01-23,2024-01-28,1234.9,2,0.05,474.44,West
ORD100355,CUST1345,Home & Kitchen,Blender,2024-04-11,2024-04-12,437.8,4,0.3,103.69,East
ORD100356,CUST1111,Beauty,Makeup Set,2024-10-21,2024-10-28,41.39,1,0.05,14.44,North
ORD100357,CUST1499,Electronics,Headphones,2024-09-30,2024-10-03,113.49,1,0.15,15.73,Central
ORD100358,CUST1059,Electronics,Headphones,2024-03-08,2024-03-12,741.66,2,0.05,183.48,North
ORD100359,CUST1368,Clothing,Jacket,2024-03-17,2024-03-19,290.3,2,0.15,105.94,South
ORD100360,CUST1001,Electronics,Headphones,2024-05-15,2024-05-15,3402.6,3,0.05,600.81,North
ORD100361,CUST1384,Books,Guide,2024-06-25,2024-06-29,117.1,5,0.2,52.64,West
ORD100362,CUST1303,Beauty,Skincare Kit,2024-08-13,2024-08-16,211.95,3,0.05,113.08,North
ORD100363,CUST1253,Clothing,T-Shirt,2024-05-14,2024-05-18,958.23,7,0.1,324.6,East
ORD100364,CUST1139,Clothing,Sneakers,2024-06-17,2024-06-20,11.8,2,0.1,4.72,North
ORD100365,CUST1452,Clothing,Sneakers,2024-09-29,2024-09-30,367.65,3,0.05,170.37,South
ORD100366,CUST1036,Books,Guide,2024-01-14,2024-01-14,114.32,2,0.0,57.89,North
ORD100367,CUST1159,Electronics,Laptop,2024-04-02,2024-04-05,474.72,4,0.0,120.92,West
ORD100368,CUST1008,Home & Kitchen,Vacuum,2024-09-17,2024-09-19,285.16,4,0.0,74.55,Central
ORD100369,CUST1232,Home & Kitchen,Lamp,2024-11-22,2024-11-28,1153.83,3,0.2,235.15,North
ORD100370,CUST1098,Home & Kitchen,Vacuum,2024-07-05,2024-07-07,1093.6,5,0.0,573.51,North
ORD100371,CUST1146,Electronics,Headphones,2024-07-13,2024-07-17,80.67,3,0.0,29.68,East
ORD100372,CUST1303,Books,Comics,2024-02-09,2024-02-12,76.68,4,0.1,23.46,West
ORD100373,CUST1207,Electronics,Laptop,2024-06-12,2024-06-19,1636.29,3,0.0,443.63,Central
ORD100374,CUST1130,Electronics,Camera,2024-07-13,2024-07-18,2503.68,3,0.05,468.39,South
ORD100375,CUST1403,Beauty,Perfume,2024-03-29,2024-04-02,178.62,2,0.0,115.64,North
ORD100376,CUST1151,Books,Novel,2024-04-08,2024-04-09,239.0,4,0.3,58.44,Central
ORD100377,CUST1053,Electronics,Phone,2024-05-17,2024-05-23,1408.56,4,0.15,406.71,South
ORD100378,CUST1119,Electronics,Headphones,2024-01-08,2024-01-09,1951.44,3,0.15,252.18,West
ORD100379,CUST1160,Electronics,Laptop,2024-04-27,2024-04-29,644.66,1,0.05,79.79,West
ORD100380,CUST1407,Clothing,T-Shirt,2024-03-18,2024-03-19,127.64,2,0.15,14.17,Central
ORD100381,CUST1115,Electronics,Camera,2024-04-29,2024-05-02,422.6,2,0.0,121.64,South
ORD100382,CUST1074,Electronics,Phone,2024-02-13,2024-02-15,7039.02,6,0.0,2199.97,West
ORD100383,CUST1112,Clothing,T-Shirt,2024-11-21,2024-11-22,257.46,2,0.0,69.32,Central
ORD100384,CUST1455,Books,Comics,2024-08-04,2024-08-04,129.64,4,0.05,58.07,West
ORD100385,CUST1419,Home & Kitchen,Vacuum,2024-09-04,2024-09-05,733.41,3,0.05,350.05,West
ORD100386,CUST1421,Home & Kitchen,Vacuum,2024-10-15,2024-10-16,388.36,4,0.05,130.87,West
ORD100387,CUST1103,Electronics,Headphones,2024-06-30,2024-07-05,3285.55,5,0.0,1241.7,East
ORD100388,CUST1339,Beauty,Skincare Kit,2024-02-01,2024-02-03,339.68,4,0.05,147.96,South
ORD100389,CUST1253,Books,Novel,2024-07-15,2024-07-21,133.32,4,0.1,61.78,Central
ORD100390,CUST1226,Books,Comics,2024-08-02,2024-08-04,178.41,3,0.05,84.81,Central
ORD100391,CUST1111,Books,Novel,2024-09-29,2024-10-04,154.48,4,0.1,76.15,South
ORD100392,CUST1472,Beauty,Shampoo,2024-06-06,2024-06-08,142.98,3,0.0,84.72,South
ORD100393,CUST1098,Home & Kitchen,Lamp,2024-02-16,2024-02-17,932.04,3,0.15,208.49,South
ORD100394,CUST1152,Electronics,Laptop,2024-04-13,2024-04-14,1277.1,6,0.05,192.76,South
ORD100395,CUST1348,Home & Kitchen,Vacuum,2024-05-12,2024-05-14,793.65,5,0.0,252.06,North
ORD100396,CUST1401,Books,Guide,2024-08-23,2024-08-26,48.16,2,0.0,28.82,Central
ORD100397,CUST1383,Books,Comics,2024-07-27,2024-07-29,86.25,3,0.1,27.54,North
ORD100398,CUST1365,Home & Kitchen,Cookware Set,2024-05-09,2024-05-10,1257.84,4,0.15,101.54,West
ORD100399,CUST1337,Electronics,Headphones,2024-12-26,2024-12-31,1758.51,3,0.05,592.96,West
ORD100400,CUST1193,Clothing,Jacket,2024-08-09,2024-08-14,360.39,3,0.0,211.26,Central
ORD100401,CUST1309,Beauty,Shampoo,2024-03-27,2024-03-29,71.3,1,0.15,17.15,West
ORD100402,CUST1162,Home & Kitchen,Blender,2024-02-07,2024-02-08,568.36,4,0.1,91.12,South
ORD100403,CUST1207,Home & Kitchen,Vacuum,2024-02-25,2024-02-28,976.53,3,0.05,157.46,North
ORD100404,CUST1444,Clothing,Jacket,2024-03-30,2024-03-30,158.2,4,0.05,37.74,South
ORD100405,CUST1168,Clothing,T-Shirt,2024-02-28,2024-03-01,112.62,3,0.0,43.9,West
ORD100406,CUST1483,Beauty,Makeup Set,2024-03-09,2024-03-15,252.08,4,0.1,91.88,North
ORD100407,CUST1160,Home & Kitchen,Blender,2024-04-14,2024-04-21,330.75,3,0.0,178.69,South
ORD100408,CUST1067,Books,Guide,2024-03-04,2024-03-07,16.5,3,0.3,5.38,Central
ORD100409,CUST1288,Clothing,Jeans,2024-11-23,2024-11-26,297.0,3,0.05,115.57,South
ORD100410,CUST1397,Home & Kitchen,Lamp,2024-01-30,2024-02-02,833.4,4,0.05,233.37,West
ORD100411,CUST1276,Electronics,Headphones,2024-07-10,2024-07-11,1620.51,3,0.05,377.29,North
ORD100412,CUST1303,Books,Novel,2024-05-29,2024-06-01,116.36,2,0.2,32.26,Central
ORD100413,CUST1403,Clothing,Jeans,2024-12-24,2024-12-28,175.64,2,0.15,61.84,North
ORD100414,CUST1383,Clothing,Sneakers,2024-02-10,2024-02-14,520.8,4,0.05,183.46,Central
ORD100415,CUST1391,Home & Kitchen,Cookware Set,2024-05-25,2024-05-26,62.66,1,0.1,26.26,North
ORD100416,CUST1134,Beauty,Perfume,2024-12-19,2024-12-22,70.46,1,0.05,32.08,West
ORD100417,CUST1194,Electronics,Headphones,2024-11-11,2024-11-11,4171.6,4,0.05,729.83,Central
ORD100418,CUST1400,Books,Comics,2024-10-25,2024-10-27,111.21,3,0.0,54.71,East
ORD100419,CUST1127,Clothing,Sneakers,2024-04-04,2024-04-08,327.33,3,0.05,66.53,North
ORD100420,CUST1032,Clothing,Jacket,2024-03-03,2024-03-09,58.95,1,0.0,29.64,North
ORD100421,CUST1175,Electronics,Phone,2024-09-01,2024-09-04,360.03,3,0.2,36.19,South
ORD100422,CUST1459,Clothing,Jeans,2024-12-05,2024-12-07,142.8,2,0.0,69.21,Central
ORD100423,CUST1442,Home & Kitchen,Vacuum,2024-07-22,2024-07-26,487.92,3,0.3,46.73,East
ORD100424,CUST1370,Electronics,Laptop,2024-07-27,2024-07-29,4167.2,4,0.05,595.56,West
ORD100425,CUST1469,Clothing,Jeans,2024-04-12,2024-04-16,80.76,2,0.1,21.04,South
ORD100426,CUST1374,Beauty,Skincare Kit,2024-10-07,2024-10-09,697.02,6,0.05,202.94,East
ORD100427,CUST1021,Electronics,Camera,2024-03-09,2024-03-15,2300.36,2,0.0,894.72,Central
ORD100428,CUST1237,Books,Comics,2024-04-28,2024-04-30,55.86,3,0.0,24.47,East
ORD100429,CUST1157,Clothing,Jacket,2024-06-04,2024-06-04,166.41,3,0.0,96.37,North
ORD100430,CUST1037,Home & Kitchen,Blender,2024-07-04,2024-07-09,718.12,2,0.1,99.81,North
ORD100431,CUST1229,Clothing,Sneakers,2024-03-29,2024-04-01,580.64,4,0.05,252.48,South
ORD100432,CUST1364,Electronics,Phone,2024-02-11,2024-02-13,1075.38,2,0.15,221.12,Central
ORD100433,CUST1050,Electronics,Laptop,2024-08-10,2024-08-15,783.98,2,0.0,232.35,Central
ORD100434,CUST1437,Electronics,Phone,2024-04-15,2024-04-19,1272.1,2,0.0,213.45,East
ORD100435,CUST1263,Electronics,Laptop,2024-07-31,2024-08-04,1656.9,2,0.05,639.01,South
ORD100436,CUST1282,Home & Kitchen,Vacuum,2024-02-26,2024-03-04,576.0,5,0.2,130.59,Central
ORD100437,CUST1026,Beauty,Perfume,2024-06-24,2024-06-26,89.69,1,0.1,22.44,North
ORD100438,CUST1225,Books,Novel,2024-07-13,2024-07-15,15.68,2,0.05,8.33,East
ORD100439,CUST1276,Home & Kitchen,Cookware Set,2024-01-19,2024-01-24,54.64,2,0.05,23.51,West
ORD100440,CUST1285,Electronics,Headphones,2024-05-02,2024-05-06,939.36,2,0.0,303.0,North
ORD100441,CUST1096,Clothing,Jeans,2024-02-19,2024-02-22,112.5,2,0.3,18.57,South
ORD100442,CUST1283,Clothing,Jacket,2024-01-24,2024-01-26,101.54,2,0.1,18.24,Central
ORD100443,CUST1366,Electronics,Phone,2024-12-27,2024-12-31,594.31,1,0.0,131.59,North
ORD100444,CUST1447,Home & Kitchen,Lamp,2024-04-27,2024-05-01,534.92,4,0.05,172.89,West
ORD100445,CUST1480,Home & Kitchen,Vacuum,2024-10-22,2024-10-27,83.37,1,0.0,17.01,West
ORD100446,CUST1452,Clothing,Sneakers,2024-04-02,2024-04-03,199.48,4,0.3,27.36,South
ORD100447,CUST1316,Clothing,T-Shirt,2024-09-05,2024-09-07,292.72,2,0.0,169.67,North
ORD100448,CUST1303,Books,Comics,2024-10-04,2024-10-05,193.27,7,0.1,100.75,East
ORD100449,CUST1146,Books,Guide,2024-08-05,2024-08-09,58.92,2,0.0,33.54,North
ORD100450,CUST1003,Clothing,Sneakers,2024-06-21,2024-06-22,265.8,3,0.1,118.3,West
ORD100451,CUST1034,Beauty,Skincare Kit,2024-05-30,2024-06-02,236.16,2,0.15,39.76,South
ORD100452,CUST1191,Beauty,Skincare Kit,2024-05-07,2024-05-08,65.56,2,0.1,18.46,South
ORD100453,CUST1048,Clothing,Jeans,2024-12-05,2024-12-07,518.95,5,0.1,210.75,East
ORD100454,CUST1016,Clothing,Jacket,2024-10-30,2024-11-04,217.64,2,0.2,42.05,South
ORD100455,CUST1171,Home & Kitchen,Blender,2024-12-18,2024-12-22,738.21,3,0.0,219.61,South
ORD100456,CUST1219,Beauty,Perfume,2024-02-15,2024-02-18,60.76,4,0.0,19.48,South
ORD100457,CUST1157,Beauty,Skincare Kit,2024-09-23,2024-09-26,82.84,1,0.0,28.28,South
ORD100458,CUST1476,Electronics,Headphones,2024-12-08,2024-12-13,172.54,2,0.3,-0.78,South
ORD100459,CUST1045,Clothing,Jeans,2024-03-07,2024-03-10,182.88,2,0.0,60.14,West
ORD100460,CUST1372,Home & Kitchen,Lamp,2024-01-25,2024-01-27,595.84,2,0.1,150.9,North
ORD100461,CUST1005,Home & Kitchen,Cookware Set,2024-09-27,2024-09-28,362.8,4,0.1,93.08,Central
ORD100462,CUST1098,Electronics,Camera,2024-07-28,2024-07-30,2023.06,2,0.0,840.74,South
ORD100463,CUST1379,Beauty,Perfume,2024-11-03,2024-11-04,25.47,3,0.0,15.43,Central
ORD100464,CUST1232,Home & Kitchen,Vacuum,2024-02-21,2024-02-23,1355.08,4,0.0,494.15,Central
ORD100465,CUST1036,Books,Comics,2024-10-17,2024-10-18,60.64,2,0.05,34.53,West
ORD100466,CUST1279,Beauty,Makeup Set,2024-03-14,2024-03-17,90.06,3,0.0,57.88,South
ORD100467,CUST1348,Books,Comics,2024-02-29,2024-03-03,49.44,4,0.0,23.89,Central
ORD100468,CUST1496,Clothing,Sneakers,2024-02-29,2024-03-06,286.46,2,0.2,111.33,South
ORD100469,CUST1301,Home & Kitchen,Lamp,2024-10-24,2024-10-29,109.44,3,0.3,4.56,East
ORD100470,CUST1180,Electronics,Headphones,2024-08-30,2024-09-05,987.68,4,0.0,284.69,East
ORD100471,CUST1094,Home & Kitchen,Lamp,2024-07-09,2024-07-10,433.05,3,0.0,91.34,East
ORD100472,CUST1098,Electronics,Headphones,2024-05-10,2024-05-12,748.08,1,0.0,227.97,Central
ORD100473,CUST1187,Home & Kitchen,Cookware Set,2024-11-16,2024-11-20,886.24,4,0.1,379.08,East
ORD100474,CUST1480,Electronics,Laptop,2024-05-23,2024-05-25,478.56,3,0.15,64.37,West
ORD100475,CUST1115,Electronics,Camera,2024-10-25,2024-10-26,1064.34,3,0.0,210.39,West
ORD100476,CUST1190,Electronics,Camera,2024-06-09,2024-06-13,294.11,1,0.0,44.39,Central
ORD100477,CUST1252,Electronics,Headphones,2024-05-17,2024-05-21,528.24,2,0.15,90.27,South
ORD100478,CUST1468,Books,Textbook,2024-06-17,2024-06-18,27.61,1,0.1,13.91,North
ORD100479,CUST1415,Books,Novel,2024-04-20,2024-04-24,87.44,2,0.0,37.42,South
ORD100480,CUST1470,Home & Kitchen,Blender,2024-09-29,2024-10-02,186.48,2,0.1,71.43,South
ORD100481,CUST1160,Electronics,Headphones,2024-07-02,2024-07-03,1339.05,3,0.0,355.35,South
ORD100482,CUST1255,Electronics,Phone,2024-03-25,2024-03-27,1900.76,4,0.0,623.99,South
ORD100483,CUST1322,Electronics,Phone,2024-11-24,2024-11-25,4687.92,4,0.15,1348.6,North
ORD100484,CUST1127,Electronics,Headphones,2024-05-20,2024-05-22,3438.15,3,0.15,673.24,East
ORD100485,CUST1017,Beauty,Skincare Kit,2024-07-17,2024-07-19,291.06,3,0.05,147.62,South
ORD100486,CUST1280,Electronics,Camera,2024-11-26,2024-11-29,1487.85,5,0.2,65.72,West
ORD100487,CUST1489,Clothing,Jeans,2024-08-15,2024-08-19,29.74,2,0.05,6.48,Central
ORD100488,CUST1222,Electronics,Headphones,2024-02-12,2024-02-16,1548.48,4,0.15,340.03,Central
ORD100489,CUST1053,Electronics,Laptop,2024-12-09,2024-12-09,1309.96,4,0.05,205.09,West
ORD100490,CUST1057,Home & Kitchen,Lamp,2024-08-17,2024-08-20,1031.6,5,0.2,341.07,South
ORD100491,CUST1322,Home & Kitchen,Lamp,2024-05-02,2024-05-02,938.61,3,0.2,151.74,North
ORD100492,CUST1359,Electronics,Camera,2024-02-20,2024-02-23,5157.0,5,0.0,2211.5,East
ORD100493,CUST1173,Electronics,Laptop,2024-10-16,2024-10-17,4061.56,4,0.2,-122.7,Central
ORD100494,CUST1279,Clothing,Jeans,2024-08-14,2024-08-18,171.45,3,0.15,31.16,East
ORD100495,CUST1113,Electronics,Camera,2024-07-13,2024-07-18,3311.24,4,0.15,339.78,North
ORD100496,CUST1287,Electronics,Camera,2024-11-22,2024-11-23,1146.81,3,0.0,232.61,Central
ORD100497,CUST1430,Beauty,Perfume,2024-10-14,2024-10-17,36.0,3,0.15,9.84,East
ORD100498,CUST1341,Home & Kitchen,Lamp,2024-02-25,2024-02-28,1415.05,5,0.15,86.13,North
ORD100499,CUST1150,Home & Kitchen,Cookware Set,2024-04-23,2024-04-26,59.25,5,0.0,17.78,East
